Subject,Structure,Label,NumVoxels,Volume_mm3
sub-01,L_Thal,10,48,48.000000
sub-01,L_Caud,11,31,31.000000
sub-01,L_Puta,12,0,0.000000
sub-01,L_Pall,13,0,0.000000
sub-01,BrStem,16,340,340.000000
sub-01,L_Hipp,17,17,17.000000
sub-01,L_Amyg,18,7,7.000000
sub-01,R_Thal,49,60,60.000000
sub-01,R_Caud,50,17,17.000000
sub-01,R_Puta,51,0,0.000000
sub-01,R_Pall,52,0,0.000000
sub-01,R_Hipp,53,27,27.000000
sub-01,R_Amyg,54,4,4.000000
sub-02,L_Thal,10,2774,2774.000000
sub-02,L_Caud,11,850,850.000000
sub-02,L_Puta,12,1021,1021.000000
sub-02,L_Pall,13,335,335.000000
sub-02,BrStem,16,5158,5158.000000
sub-02,L_Hipp,17,908,908.000000
sub-02,L_Amyg,18,357,357.000000
sub-02,R_Thal,49,2710,2710.000000
sub-02,R_Caud,50,573,573.000000
sub-02,R_Puta,51,261,261.000000
sub-02,R_Pall,52,320,320.000000
sub-02,R_Hipp,53,886,886.000000
sub-02,R_Amyg,54,445,445.000000
sub-03,L_Thal,10,8506,8506.000000
sub-03,L_Caud,11,3017,3017.000000
sub-03,L_Puta,12,4380,4380.000000
sub-03,L_Pall,13,1223,1223.000000
sub-03,BrStem,16,25468,25468.000000
sub-03,L_Hipp,17,3061,3061.000000
sub-03,L_Amyg,18,728,728.000000
sub-03,R_Thal,49,8109,8109.000000
sub-03,R_Caud,50,3336,3336.000000
sub-03,R_Puta,51,4751,4751.000000
sub-03,R_Pall,52,1284,1284.000000
sub-03,R_Hipp,53,3649,3649.000000
sub-03,R_Amyg,54,846,846.000000
sub-04,L_Thal,10,6898,6898.000000
sub-04,L_Caud,11,663,663.000000
sub-04,L_Puta,12,520,520.000000
sub-04,L_Pall,13,1011,1011.000000
sub-04,BrStem,16,18564,18564.000000
sub-04,L_Hipp,17,2734,2734.000000
sub-04,L_Amyg,18,717,717.000000
sub-04,R_Thal,49,9529,9529.000000
sub-04,R_Caud,50,1152,1152.000000
sub-04,R_Puta,51,3564,3564.000000
sub-04,R_Pall,52,695,695.000000
sub-04,R_Hipp,53,5308,5308.000000
sub-04,R_Amyg,54,1477,1477.000000
sub-05,L_Thal,10,1996,1996.000000
sub-05,L_Caud,11,522,522.000000
sub-05,L_Puta,12,229,229.000000
sub-05,L_Pall,13,254,254.000000
sub-05,BrStem,16,5500,5500.000000
sub-05,L_Hipp,17,858,858.000000
sub-05,L_Amyg,18,450,450.000000
sub-05,R_Thal,49,2034,2034.000000
sub-05,R_Caud,50,1057,1057.000000
sub-05,R_Puta,51,296,296.000000
sub-05,R_Pall,52,242,242.000000
sub-05,R_Hipp,53,816,816.000000
sub-05,R_Amyg,54,367,367.000000
sub-06,L_Thal,10,2612,2612.000000
sub-06,L_Caud,11,653,653.000000
sub-06,L_Puta,12,275,275.000000
sub-06,L_Pall,13,330,330.000000
sub-06,BrStem,16,5753,5753.000000
sub-06,L_Hipp,17,850,850.000000
sub-06,L_Amyg,18,380,380.000000
sub-06,R_Thal,49,2586,2586.000000
sub-06,R_Caud,50,751,751.000000
sub-06,R_Puta,51,308,308.000000
sub-06,R_Pall,52,341,341.000000
sub-06,R_Hipp,53,792,792.000000
sub-06,R_Amyg,54,448,448.000000
sub-07,L_Thal,10,7912,7912.000000
sub-07,L_Caud,11,3528,3528.000000
sub-07,L_Puta,12,3886,3886.000000
sub-07,L_Pall,13,1236,1236.000000
sub-07,BrStem,16,25058,25058.000000
sub-07,L_Hipp,17,3279,3279.000000
sub-07,L_Amyg,18,883,883.000000
sub-07,R_Thal,49,7563,7563.000000
sub-07,R_Caud,50,4237,4237.000000
sub-07,R_Puta,51,4199,4199.000000
sub-07,R_Pall,52,1245,1245.000000
sub-07,R_Hipp,53,3418,3418.000000
sub-07,R_Amyg,54,1217,1217.000000
sub-08,L_Thal,10,1427,1427.000000
sub-08,L_Caud,11,107,107.000000
sub-08,L_Puta,12,234,234.000000
sub-08,L_Pall,13,87,87.000000
sub-08,BrStem,16,1736,1736.000000
sub-08,L_Hipp,17,400,400.000000
sub-08,L_Amyg,18,229,229.000000
sub-08,R_Thal,49,510,510.000000
sub-08,R_Caud,50,205,205.000000
sub-08,R_Puta,51,11,11.000000
sub-08,R_Pall,52,31,31.000000
sub-08,R_Hipp,53,188,188.000000
sub-08,R_Amyg,54,61,61.000000
sub-09,L_Thal,10,2648,2648.000000
sub-09,L_Caud,11,825,825.000000
sub-09,L_Puta,12,281,281.000000
sub-09,L_Pall,13,325,325.000000
sub-09,BrStem,16,5521,5521.000000
sub-09,L_Hipp,17,888,888.000000
sub-09,L_Amyg,18,386,386.000000
sub-09,R_Thal,49,2774,2774.000000
sub-09,R_Caud,50,964,964.000000
sub-09,R_Puta,51,1134,1134.000000
sub-09,R_Pall,52,350,350.000000
sub-09,R_Hipp,53,763,763.000000
sub-09,R_Amyg,54,293,293.000000
sub-10,L_Thal,10,82,82.000000
sub-10,L_Caud,11,44,44.000000
sub-10,L_Puta,12,48,48.000000
sub-10,L_Pall,13,5,5.000000
sub-10,BrStem,16,470,470.000000
sub-10,L_Hipp,17,27,27.000000
sub-10,L_Amyg,18,11,11.000000
sub-10,R_Thal,49,119,119.000000
sub-10,R_Caud,50,18,18.000000
sub-10,R_Puta,51,0,0.000000
sub-10,R_Pall,52,2,2.000000
sub-10,R_Hipp,53,21,21.000000
sub-10,R_Amyg,54,12,12.000000
sub-11,L_Thal,10,3369,3369.000000
sub-11,L_Caud,11,1333,1333.000000
sub-11,L_Puta,12,410,410.000000
sub-11,L_Pall,13,552,552.000000
sub-11,BrStem,16,25116,25116.000000
sub-11,L_Hipp,17,717,717.000000
sub-11,L_Amyg,18,293,293.000000
sub-11,R_Thal,49,3472,3472.000000
sub-11,R_Caud,50,1183,1183.000000
sub-11,R_Puta,51,536,536.000000
sub-11,R_Pall,52,515,515.000000
sub-11,R_Hipp,53,783,783.000000
sub-11,R_Amyg,54,723,723.000000
sub-12,L_Thal,10,785,785.000000
sub-12,L_Caud,11,93,93.000000
sub-12,L_Puta,12,6,6.000000
sub-12,L_Pall,13,0,0.000000
sub-12,BrStem,16,2600,2600.000000
sub-12,L_Hipp,17,326,326.000000
sub-12,L_Amyg,18,124,124.000000
sub-12,R_Thal,49,436,436.000000
sub-12,R_Caud,50,2,2.000000
sub-12,R_Puta,51,0,0.000000
sub-12,R_Pall,52,3,3.000000
sub-12,R_Hipp,53,203,203.000000
sub-12,R_Amyg,54,95,95.000000
sub-13,L_Thal,10,7120,7120.000000
sub-13,L_Caud,11,3107,3107.000000
sub-13,L_Puta,12,3859,3859.000000
sub-13,L_Pall,13,1006,1006.000000
sub-13,BrStem,16,25165,25165.000000
sub-13,L_Hipp,17,1764,1764.000000
sub-13,L_Amyg,18,731,731.000000
sub-13,R_Thal,49,7057,7057.000000
sub-13,R_Caud,50,3144,3144.000000
sub-13,R_Puta,51,4282,4282.000000
sub-13,R_Pall,52,1101,1101.000000
sub-13,R_Hipp,53,2528,2528.000000
sub-13,R_Amyg,54,704,704.000000
sub-14,L_Thal,10,2177,2177.000000
sub-14,L_Caud,11,823,823.000000
sub-14,L_Puta,12,340,340.000000
sub-14,L_Pall,13,283,283.000000
sub-14,BrStem,16,11024,11024.000000
sub-14,L_Hipp,17,792,792.000000
sub-14,L_Amyg,18,564,564.000000
sub-14,R_Thal,49,2255,2255.000000
sub-14,R_Caud,50,456,456.000000
sub-14,R_Puta,51,348,348.000000
sub-14,R_Pall,52,221,221.000000
sub-14,R_Hipp,53,880,880.000000
sub-14,R_Amyg,54,466,466.000000
sub-15,L_Thal,10,7266,7266.000000
sub-15,L_Caud,11,1453,1453.000000
sub-15,L_Puta,12,100,100.000000
sub-15,L_Pall,13,1266,1266.000000
sub-15,BrStem,16,40731,40731.000000
sub-15,L_Hipp,17,2034,2034.000000
sub-15,L_Amyg,18,1114,1114.000000
sub-15,R_Thal,49,7349,7349.000000
sub-15,R_Caud,50,1932,1932.000000
sub-15,R_Puta,51,498,498.000000
sub-15,R_Pall,52,936,936.000000
sub-15,R_Hipp,53,5144,5144.000000
sub-15,R_Amyg,54,796,796.000000
sub-16,L_Thal,10,2328,2328.000000
sub-16,L_Caud,11,737,737.000000
sub-16,L_Puta,12,344,344.000000
sub-16,L_Pall,13,303,303.000000
sub-16,BrStem,16,5582,5582.000000
sub-16,L_Hipp,17,644,644.000000
sub-16,L_Amyg,18,314,314.000000
sub-16,R_Thal,49,2330,2330.000000
sub-16,R_Caud,50,723,723.000000
sub-16,R_Puta,51,318,318.000000
sub-16,R_Pall,52,361,361.000000
sub-16,R_Hipp,53,703,703.000000
sub-16,R_Amyg,54,296,296.000000
sub-17,L_Thal,10,1353,1353.000000
sub-17,L_Caud,11,178,178.000000
sub-17,L_Puta,12,66,66.000000
sub-17,L_Pall,13,63,63.000000
sub-17,BrStem,16,5240,5240.000000
sub-17,L_Hipp,17,157,157.000000
sub-17,L_Amyg,18,0,0.000000
sub-17,R_Thal,49,1233,1233.000000
sub-17,R_Caud,50,551,551.000000
sub-17,R_Puta,51,197,197.000000
sub-17,R_Pall,52,119,119.000000
sub-17,R_Hipp,53,378,378.000000
sub-17,R_Amyg,54,23,23.000000
sub-18,L_Thal,10,298,298.000000
sub-18,L_Caud,11,38,38.000000
sub-18,L_Puta,12,11,11.000000
sub-18,L_Pall,13,33,33.000000
sub-18,BrStem,16,1028,1028.000000
sub-18,L_Hipp,17,98,98.000000
sub-18,L_Amyg,18,64,64.000000
sub-18,R_Thal,49,354,354.000000
sub-18,R_Caud,50,28,28.000000
sub-18,R_Puta,51,4,4.000000
sub-18,R_Pall,52,9,9.000000
sub-18,R_Hipp,53,114,114.000000
sub-18,R_Amyg,54,31,31.000000
sub-19,L_Thal,10,2386,2386.000000
sub-19,L_Caud,11,712,712.000000
sub-19,L_Puta,12,1046,1046.000000
sub-19,L_Pall,13,373,373.000000
sub-19,BrStem,16,4917,4917.000000
sub-19,L_Hipp,17,826,826.000000
sub-19,L_Amyg,18,344,344.000000
sub-19,R_Thal,49,2315,2315.000000
sub-19,R_Caud,50,871,871.000000
sub-19,R_Puta,51,833,833.000000
sub-19,R_Pall,52,331,331.000000
sub-19,R_Hipp,53,756,756.000000
sub-19,R_Amyg,54,249,249.000000
sub-20,L_Thal,10,1955,1955.000000
sub-20,L_Caud,11,387,387.000000
sub-20,L_Puta,12,56,56.000000
sub-20,L_Pall,13,237,237.000000
sub-20,BrStem,16,8232,8232.000000
sub-20,L_Hipp,17,690,690.000000
sub-20,L_Amyg,18,313,313.000000
sub-20,R_Thal,49,2244,2244.000000
sub-20,R_Caud,50,408,408.000000
sub-20,R_Puta,51,41,41.000000
sub-20,R_Pall,52,237,237.000000
sub-20,R_Hipp,53,386,386.000000
sub-20,R_Amyg,54,245,245.000000
sub-21,L_Thal,10,2470,2470.000000
sub-21,L_Caud,11,903,903.000000
sub-21,L_Puta,12,768,768.000000
sub-21,L_Pall,13,373,373.000000
sub-21,BrStem,16,10014,10014.000000
sub-21,L_Hipp,17,737,737.000000
sub-21,L_Amyg,18,270,270.000000
sub-21,R_Thal,49,2329,2329.000000
sub-21,R_Caud,50,847,847.000000
sub-21,R_Puta,51,302,302.000000
sub-21,R_Pall,52,326,326.000000
sub-21,R_Hipp,53,822,822.000000
sub-21,R_Amyg,54,479,479.000000
sub-22,L_Thal,10,5804,5804.000000
sub-22,L_Caud,11,1896,1896.000000
sub-22,L_Puta,12,2976,2976.000000
sub-22,L_Pall,13,886,886.000000
sub-22,BrStem,16,12055,12055.000000
sub-22,L_Hipp,17,1881,1881.000000
sub-22,L_Amyg,18,392,392.000000
sub-22,R_Thal,49,5901,5901.000000
sub-22,R_Caud,50,1967,1967.000000
sub-22,R_Puta,51,2127,2127.000000
sub-22,R_Pall,52,932,932.000000
sub-22,R_Hipp,53,2554,2554.000000
sub-22,R_Amyg,54,177,177.000000
sub-23,L_Thal,10,2450,2450.000000
sub-23,L_Caud,11,757,757.000000
sub-23,L_Puta,12,441,441.000000
sub-23,L_Pall,13,353,353.000000
sub-23,BrStem,16,8653,8653.000000
sub-23,L_Hipp,17,786,786.000000
sub-23,L_Amyg,18,399,399.000000
sub-23,R_Thal,49,2424,2424.000000
sub-23,R_Caud,50,847,847.000000
sub-23,R_Puta,51,441,441.000000
sub-23,R_Pall,52,333,333.000000
sub-23,R_Hipp,53,802,802.000000
sub-23,R_Amyg,54,408,408.000000
sub-24,L_Thal,10,7406,7406.000000
sub-24,L_Caud,11,1965,1965.000000
sub-24,L_Puta,12,3189,3189.000000
sub-24,L_Pall,13,1129,1129.000000
sub-24,BrStem,16,21958,21958.000000
sub-24,L_Hipp,17,2666,2666.000000
sub-24,L_Amyg,18,753,753.000000
sub-24,R_Thal,49,7822,7822.000000
sub-24,R_Caud,50,2857,2857.000000
sub-24,R_Puta,51,3012,3012.000000
sub-24,R_Pall,52,1060,1060.000000
sub-24,R_Hipp,53,3020,3020.000000
sub-24,R_Amyg,54,442,442.000000
sub-25,L_Thal,10,13909,13909.000000
sub-25,L_Caud,11,4936,4936.000000
sub-25,L_Puta,12,251,251.000000
sub-25,L_Pall,13,1355,1355.000000
sub-25,BrStem,16,66112,66112.000000
sub-25,L_Hipp,17,3220,3220.000000
sub-25,L_Amyg,18,713,713.000000
sub-25,R_Thal,49,12821,12821.000000
sub-25,R_Caud,50,2141,2141.000000
sub-25,R_Puta,51,489,489.000000
sub-25,R_Pall,52,1245,1245.000000
sub-25,R_Hipp,53,2739,2739.000000
sub-25,R_Amyg,54,857,857.000000
sub-26,L_Thal,10,96,96.000000
sub-26,L_Caud,11,36,36.000000
sub-26,L_Puta,12,30,30.000000
sub-26,L_Pall,13,0,0.000000
sub-26,BrStem,16,438,438.000000
sub-26,L_Hipp,17,6,6.000000
sub-26,L_Amyg,18,2,2.000000
sub-26,R_Thal,49,143,143.000000
sub-26,R_Caud,50,15,15.000000
sub-26,R_Puta,51,14,14.000000
sub-26,R_Pall,52,2,2.000000
sub-26,R_Hipp,53,35,35.000000
sub-26,R_Amyg,54,10,10.000000
sub-27,L_Thal,10,723,723.000000
sub-27,L_Caud,11,309,309.000000
sub-27,L_Puta,12,162,162.000000
sub-27,L_Pall,13,99,99.000000
sub-27,BrStem,16,1178,1178.000000
sub-27,L_Hipp,17,187,187.000000
sub-27,L_Amyg,18,179,179.000000
sub-27,R_Thal,49,471,471.000000
sub-27,R_Caud,50,46,46.000000
sub-27,R_Puta,51,49,49.000000
sub-27,R_Pall,52,0,0.000000
sub-27,R_Hipp,53,394,394.000000
sub-27,R_Amyg,54,53,53.000000
sub-28,L_Thal,10,429,429.000000
sub-28,L_Caud,11,179,179.000000
sub-28,L_Puta,12,156,156.000000
sub-28,L_Pall,13,54,54.000000
sub-28,BrStem,16,864,864.000000
sub-28,L_Hipp,17,209,209.000000
sub-28,L_Amyg,18,125,125.000000
sub-28,R_Thal,49,710,710.000000
sub-28,R_Caud,50,80,80.000000
sub-28,R_Puta,51,146,146.000000
sub-28,R_Pall,52,91,91.000000
sub-28,R_Hipp,53,301,301.000000
sub-28,R_Amyg,54,194,194.000000
sub-29,L_Thal,10,8329,8329.000000
sub-29,L_Caud,11,4150,4150.000000
sub-29,L_Puta,12,4752,4752.000000
sub-29,L_Pall,13,1511,1511.000000
sub-29,BrStem,16,29936,29936.000000
sub-29,L_Hipp,17,3303,3303.000000
sub-29,L_Amyg,18,654,654.000000
sub-29,R_Thal,49,7618,7618.000000
sub-29,R_Caud,50,4276,4276.000000
sub-29,R_Puta,51,4667,4667.000000
sub-29,R_Pall,52,1446,1446.000000
sub-29,R_Hipp,53,3070,3070.000000
sub-29,R_Amyg,54,888,888.000000
